"sido","sigun","dong","구주소본번","구주소부번","street","새주소본번","새주소부번","건물명","상세건물명","X좌표","Y좌표"
"서울특별시","중랑구","면목동","365","10","면목로30길","19","30","","","207719.1499","453006.748"
"서울특별시","중랑구","면목동","371","134","면목로28길","27","0","동서울연립","","207685.8657","452793.5546"
"서울특별시","중랑구","면목동","382","35","면목로27길","77","9","","","207176.1595","452692.0167"
"서울특별시","중랑구","면목동","1390","0","면목로24길","17","1","","","207530.3282","452590.2833"
"서울특별시","중랑구","망우동","75","6","망우로91길","40","5","","","210183.1628","455908.1692"
"서울특별시","중랑구","망우동","178","17","망우로77길","19","11","","","209343.8565","455813.2319"
"서울특별시","중랑구","망우동","352","33","망우로73길","71","5","","","209110.0096","456020.8758"
"서울특별시","중랑구","망우동","153","10","망우로72가길","4","0","","","209105.1153","455365.1221"
"서울특별시","중랑구","망우동","403","65","망우로68길","92","3","","","208891.5349","455131.3411"
"서울특별시","중랑구","망우동","353","17","망우로67가길","3","0","","","208970.6177","455903.1545"
"서울특별시","중랑구","면목동","121","29","면목로78길","12","16","","","207756.1108","454472.1765"
"서울특별시","중랑구","면목동","100","4","면목로76길","72","0","","","208116.4916","454552.5167"
"서울특별시","중랑구","면목동","119","45","면목로73길","41","0","대한익스프레스","","207515.2604","454315.4424"
"서울특별시","중랑구","면목동","127","31","면목로73길","20","12","탑클래스","","207603.6601","454417.841"
"서울특별시","중랑구","면목동","539","16","면목로69길","42","8","","","207499.1521","454213.6645"
"서울특별시","중랑구","면목동","506","33","면목로65길","34","0","","","207625.6823","454136.9221"
"서울특별시","중랑구","면목동","547","34","면목로63길","53","0","","","207529.204","454080.8111"
"서울특별시","중랑구","면목동","113","41","면목로60길","17","7","","","207904.2074","453992.0629"
"서울특별시","중랑구","면목동","138","15","봉우재로26길","36","0","우정아파트","","207506.9171","454577.9036"
"서울특별시","중랑구","면목동","134","11","봉우재로20가길","25","3","","","207267.8071","454640.0022"
"서울특별시","중랑구","면목동","181","123","봉우재로14길","2","10","","","206835.5028","454510.1163"
"서울특별시","중랑구","면목동","183","65","봉우재로13길","12","0","","","206853.9357","454626.3107"
"서울특별시","중랑구","면목동","137","19","면목천로23길","34","6","","","207328.334","454492.3844"
"서울특별시","중랑구","상봉동","125","25","동일로110길","20","0","미하우스","","207188.4449","454713.9607"
"서울특별시","중랑구","면목동","184","14","동일로109길","28","13","","","206858.6544","454704.7436"
"서울특별시","중랑구","면목동","192","30","동일로101길","78","11","","","206632.5765","454378.9391"
"서울특별시","중랑구","면목동","392","30","답십리로83길","9","1","","","207422.791","452475.9175"
"서울특별시","중랑구","면목동","399","109","답십리로81길","15","1","","","207316.3911","452520.7504"
"서울특별시","중랑구","면목동","377","60","답십리로77길","76","18","","","207259.3761","452829.8419"
"서울특별시","중랑구","면목동","384","34","답십리로77가길","20","3","","","207311.8434","452688.9189"
"서울특별시","중랑구","면목동","381","52","답십리로77가길","19","0","","","207295.5281","452715.2385"
"서울특별시","중랑구","묵동","174","22","공릉로4길","4","7","황금빌라트","","206925.2434","457039.6134"
"서울특별시","중랑구","묵동","121","81","공릉로2길","50","6","서원맨션","","207133.4338","456914.4938"
"서울특별시","중랑구","묵동","177","16","공릉로2길","8","7"," "," ","206949.1261","456900.4442"
"서울특별시","중랑구","묵동","156","36","공릉로14길","42","0","서림캐슬"," ","207196.9575","457571.8982"
"서울특별시","중랑구","묵동","156","11","공릉로14길","28","0","","","207135.2218","457557.7611"
"서울특별시","중랑구","묵동","77","39","공릉로12나길","8","18","","","207139.593","457417.3023"
"서울특별시","중랑구","중화동","306","11","봉화산로15길","25","0","우승정원빌리지","B동","206901.2157","455923.6426"
"서울특별시","중랑구","망우동","462","12","봉우재로71길","41","10","","","208621.1074","455171.4798"
"서울특별시","중랑구","망우동","458","20","봉우재로70길","15","4","","","208740.7792","455001.5832"
"서울특별시","중랑구","망우동","530","11","봉우재로64길","67","0","선경하이빌","","208556.8425","454708.791"
"서울특별시","중랑구","망우동","474","42","봉우재로58길","16","12","","","208376.5237","454911.208"
"서울특별시","중랑구","망우동","509","37","봉우재로57길","58","34","","","208420.0485","455201.9813"
"서울특별시","중랑구","망우동","515","20","봉우재로55길","16","0","","","208325.8265","455069.426"
"서울특별시","중랑구","상봉동","87","33","봉우재로43길","25","4","","","207902.2559","455010.3045"
"서울특별시","중랑구","상봉동","105","28","봉우재로37가길","3","6","","","207779.0883","454927.5032"
"서울특별시","중랑구","면목동","137","31","봉우재로32길","64","4","","","207389.4977","454539.9751"
"서울특별시","중랑구","중화동","331","16","봉화산로3길","25","8","","","206661.5863","455914.7469"
"서울특별시","중랑구","상봉동","315","68","봉화산로30길","108","0","임창빌라","라동","207525.0039","455327.9357"
"서울특별시","중랑구","중화동","10","16","봉화산로30길","5","5","","","207546.4256","455824.617"
"서울특별시","중랑구","면목동","566","20","사가정로45길","68","1","","","207579.8123","453845.5888"
"서울특별시","중랑구","면목동","657","50","사가정로42길","33","0","강원카센타","","207379.0874","453337.8297"
"서울특별시","중랑구","면목동","162","64","사가정로29길","8","0","","","207089.8853","453605.6178"
"서울특별시","중랑구","신내동","475","5","봉화산로56길","99","9","","","208648.2732","456096.5417"
"서울특별시","중랑구","중화동","327","7","봉화산로4길","64","5","","","206609.6837","455486.9796"
"서울특별시","중랑구","중화동","329","67","봉화산로4길","48","0","","","206673.7865","455561.3905"
"서울특별시","중랑구","묵동","240","160","봉화산로3길","222","0","","","206558.1404","456879.0275"
"서울특별시","중랑구","중화동","309","23","봉화산로3길","56","10","","","206730.2583","456070.2868"
"서울특별시","중랑구","면목동","69","3","상봉로1길","18","11","","","208253.8174","454129.9225"
"서울특별시","중랑구","면목동","88","82","상봉로17길","17","0","","","208138.5027","454781.0052"
"서울특별시","중랑구","면목동","100","35","상봉로15나길","32","0","","","208137.5115","454543.9171"
"서울특별시","중랑구","망우동","523","15","상봉로14길","32","0","","","208298.3778","454697.1985"
"서울특별시","중랑구","면목동","74","24","상봉로11길","5","4","","","208215.7915","454507.6987"
"서울특별시","중랑구","면목동","626","20","사가정로54길","46","0","","","207721.5655","453281.6308"
"서울특별시","중랑구","중화동","323","110","중랑천로18길","6","0","","","206419.487","455068.8499"
"서울특별시","중랑구","중화동","324","122","중랑천로17나길","11","8","","","206304.1772","455115.2226"
"서울특별시","중랑구","상봉동","130","103","중랑천로12길","45","0","지앤지타운","","206653.9495","454823.7514"
"서울특별시","중랑구","상봉동","136","62","중랑천로12길","22","6","","","206547.6262","454750.0246"
"서울특별시","중랑구","상봉동","130","84","중랑천로10길","39","9","","","206628.7351","454773.7708"
"서울특별시","중랑구","묵동","233","37","중랑역로47길","22","11"," "," ","206575.0655","457344.0803"
"서울특별시","중랑구","묵동","235","40","중랑역로47길","17","10","","","206533.1707","457254.2688"
"서울특별시","중랑구","중화동","319","5","중랑역로3나길","46","11","","","206519.623","455270.9799"
"서울특별시","중랑구","중화동","322","14","중랑역로3나길","43","0","","","206498.3242","455207.5201"
"서울특별시","중랑구","중화동","321","19","중랑역로3가길","19","0","새롬힐링","","206618.564","455128.234"
"서울특별시","중랑구","면목동","91","73","봉우재로36길","4","0","","","207769.1254","454800.954"
"서울특별시","중랑구","면목동","137","54","봉우재로32길","52","0","","","207427.3549","454575.6024"
"서울특별시","중랑구","중화동","331","149","봉화산로3길","25","5","","","206664.7866","455896.4121"
"서울특별시","중랑구","중화동","311","58","봉화산로3길","14","0","대호목욕탕"," ","206716.5011","455850.765"
"서울특별시","중랑구","상봉동","315","44","봉화산로30길","103","11","","","207552.9228","455375.5258"
"서울특별시","중랑구","중화동","327","64","봉화산로2길","65","2","","","206519.5448","455463.8883"
"서울특별시","중랑구","중화동","28","11","봉화산로27다길","9","4","","","207294.5111","455921.9672"
"서울특별시","중랑구","중화동","148","140","봉화산로26길","44","12","중화아트빌","","207338.3019","455603.5535"
"서울특별시","중랑구","중화동","148","81","봉화산로24길","23","0","","","207321.9942","455688.6023"
"서울특별시","중랑구","중화동","331","68","봉화산로1길","26","0","","","206614.1119","455902.6112"
"서울특별시","중랑구","중화동","312","62","봉화산로10길","7","0","","","206824.4129","455732.9761"
"서울특별시","중랑구","망우동","462","33","봉우재로71길","33","0","","","208667.3968","455191.3255"
"서울특별시","중랑구","망우동","531","31","봉우재로70길","101","0","","","208569.3818","454623.6735"
"서울특별시","중랑구","망우동","462","2","봉우재로69길","15","0","경수빌라","","208695.8718","455175.1191"
"서울특별시","중랑구","면목동","99","4","상봉로15나길","24","1","","","208121.906","454583.8765"
"서울특별시","중랑구","면목동","86","10","상봉로15나길","15","0","","","208147.2702","454621.1067"
"서울특별시","중랑구","망우동","523","43","상봉로14길","19","0","","","208288.8688","454636.3739"
"서울특별시","중랑구","면목동","509","25","사가정로71길","54","0","","","208553.27","453511.3724"
"서울특별시","중랑구","면목동","617","6","사가정로54길","22","0","성민교회","","207811.5868","453367.896"
"서울특별시","중랑구","면목동","649","18","사가정로50길","13","0","","","207637.789","453410.2333"
"서울특별시","중랑구","면목동","655","16","사가정로46길","37","35","","","207525.3424","453260.4327"
"서울특별시","중랑구","면목동","592","4","사가정로45길","29","0","","","207533.616","453650.3346"
"서울특별시","중랑구","면목동","1508","3","사가정로41길","45","0","면목3치안센터","","207433.1303","453742.4073"
"서울특별시","중랑구","중화동","309","56","봉화산로3길","48","0","","","206687.1568","456025.5804"
"서울특별시","중랑구","중화동","11","1","봉화산로33길","33","6","중화파크빌","","207495.6361","455974.8299"
"서울특별시","중랑구","상봉동","304","2","봉화산로30길","59","0","세리부다세대주택","에이동","207528.6135","455553.6784"
"서울특별시","중랑구","중화동","330","100","봉화산로2길","34","5","대광맨션","B동","206587.2879","455611.9036"
"서울특별시","중랑구","신내동","259","0","신내역로3길","56","0"," ","주건축물제2동","209270.6815","457535.9584"
"서울특별시","중랑구","신내동","58","4","신내역로1가길","19","0"," "," ","209417.3698","457091.2301"
"서울특별시","중랑구","상봉동","103","1","면목로92길","34","0","","","207762.79","455097.7639"
"서울특별시","중랑구","상봉동","113","33","면목로91길","6","18","金塘Ⅱ 오피스텔","","207516.0976","455070.1557"
"서울특별시","중랑구","상봉동","109","58","면목로85길","11","0","","","207548.6268","454826.5503"
"서울특별시","중랑구","면목동","97","31","면목로80길","24","0","","","207812.0491","454551.6668"
"서울특별시","중랑구","면목동","98","16","면목로78길","40","8","","","207899.5989","454520.0235"
"서울특별시","중랑구","면목동","102","41","면목로74길","34","0","","","207891.1602","454424.9043"
"서울특별시","중랑구","면목동","502","24","면목로57길","12","0","영우오렌지하우스","","207751.3878","453920.5555"
"서울특별시","중랑구","면목동","430","15","면목로56길","44","0","동부꿈나무미술학원","","208023.8008","453813.7782"
"서울특별시","중랑구","면목동","412","9","면목로56가길","21","0","한터어린이집","","207844.4786","453953.0972"
"서울특별시","중랑구","면목동","558","11","면목로55길","72","0","","","207443.7277","453896.5012"
"서울특별시","중랑구","면목동","499","10","면목로55길","13","6","","","207722.4516","453824.4213"
"서울특별시","중랑구","면목동","430","38","면목로54길","37","0","","","207996.8902","453771.2362"
"서울특별시","중랑구","면목동","428","50","면목로54길","21","0","","","207919.6207","453780.8098"
"서울특별시","중랑구","중화동","25","23","동일로136나길","25","0","중화동다세대주택","","207247.7396","455965.4494"
"서울특별시","중랑구","중화동","148","126","동일로130길","52","0","건형빌딩","","207325.8661","455626.3441"
"서울특별시","중랑구","상봉동","314","44","동일로126나길","23","0","","","207473.4386","455367.8096"
"서울특별시","중랑구","중화동","293","8","동일로126길","13","4","","","207151.9706","455500.8263"
"서울특별시","중랑구","중화동","329","92","동일로123길","104","18","","","206657.2313","455612.0143"
"서울특별시","중랑구","중화동","301","56","동일로123길","16","0","","","206989.8928","455351.4069"
"서울특별시","중랑구","상봉동","333","7","동일로120길","59","36","","","207402.5553","455276.0505"
"서울특별시","중랑구","상봉동","126","38","동일로114길","6","3","","","207134.9901","454827.4735"
"서울특별시","중랑구","면목동","185","17","동일로109길","62","20","","","206750.0398","454735.768"
"서울특별시","중랑구","면목동","143","66","동일로102길","13","0","제니스빌8차"," ","207175.2073","454467.959"
"서울특별시","중랑구","면목동","142","56","동일로100길","47","3","","","207233.7004","454449.5183"
"서울특별시","중랑구","묵동","128","45","동일로146길","55","0","","","207201.214","456398.6867"
"서울특별시","중랑구","묵동","248","55","동일로143길","76","0","","","206568.2332","456153.9135"
"서울특별시","중랑구","중화동","282","7","동일로140길","19","27","","","207049.2538","456182.356"
"서울특별시","중랑구","면목동","166","1","사가정로39길","11","0","영명슈퍼","","207358.3636","453580.7639"
"서울특별시","중랑구","면목동","158","40","사가정로37길","61","0","","","207230.9801","453845.6592"
"서울특별시","중랑구","중화동","311","30","봉화산로7길","7","6","","","206748.4669","455834.564"
"서울특별시","중랑구","신내동","409","4","봉화산로54길","32","0","","","208631.7558","456315.8161"
"서울특별시","중랑구","중화동","329","10","봉화산로4길","10","0","","","206711.5291","455721.8244"
"서울특별시","중랑구","상봉동","1","0","봉화산로48길","62","0","건영아파트","상가동","208278.0895","456142.7313"
"서울특별시","중랑구","묵동","242","67","봉화산로3길","145","0","","","206594.4623","456504.101"
"서울특별시","중랑구","면목동","66","51","상봉로1길","43","4","","","208129.9694","454068.2959"
"서울특별시","중랑구","망우동","521","29","상봉로18길","28","0","","","208393.7052","454810.9741"
"서울특별시","중랑구","망우동","522","26","상봉로16길","9","9","","","208299.1714","454785.8578"
"서울특별시","중랑구","망우동","437","17","용마산로96나길","3","0","","","208771.9268","454519.1576"
"서울특별시","중랑구","망우동","432","7","용마산로96길","55","36","","","208934.0399","454554.045"
"서울특별시","중랑구","망우동","437","14","용마산로96길","21","20","","","208766.4405","454601.7219"
"서울특별시","중랑구","망우동","441","16","용마산로96길","21","3","","","208719.6719","454539.9416"
"서울특별시","중랑구","면목동","31","48","용마산로94길","84","0","","","208930.4371","454239.774"
"서울특별시","중랑구","면목동","1","13","용마산로94길","55","22","","","208853.7085","454371.7652"
"서울특별시","중랑구","면목동","46","8","용마산로94길","31","11","","","208726.3739","454413.2228"
"서울특별시","중랑구","면목동","46","21","용마산로94길","27","32","","","208736.138","454462.6025"
"서울특별시","중랑구","면목동","15","36","용마산로94길","9","16","면목동다세대주택","","208654.066","454476.4756"
"서울특별시","중랑구","면목동","42","17","용마산로93길","29","0","","","208406.7364","454418.4525"
"서울특별시","중랑구","면목동","51","7","용마산로86길","9","0","장미슈퍼","","208468.3111","454101.1461"
"서울특별시","중랑구","면목동","65","5","용마산로81길","32","0","","","208181.5852","453984.8074"
"서울특별시","중랑구","면목동","63","69","용마산로79길","9","0","","","208204.2513","453912.0984"
"서울특별시","중랑구","면목동","46","46","용마산로94길","21","16","","","208700.2386","454446.5571"
"서울특별시","중랑구","상봉동","257","22","상봉중앙로6나길","15","5","","","207845.0607","455666.4932"
"서울특별시","중랑구","상봉동","257","52","상봉중앙로6가길","1","0","","","207810.0205","455696.5424"
"서울특별시","중랑구","중화동","131","19","상봉중앙로5길","31","0","도원아트빌","","207574.6234","455641.0039"
"서울특별시","중랑구","상봉동","207","21","상봉중앙로5길","20","0"," "," ","207620.599","455657.4392"
"서울특별시","중랑구","상봉동","190","41","상봉중앙로1길","26","0","","","207732.6614","455490.2894"
"서울특별시","중랑구","면목동","71","49","상봉로5길","6","9","","","208280.8104","454235.467"
"서울특별시","중랑구","망우동","516","6","상봉로26길","16","0","","","208303.9212","455097.2753"
"서울특별시","중랑구","상봉동","88","5","상봉로25가길","15","0","","","208020.856","455098.8887"
"서울특별시","중랑구","면목동","1380","0","용마산로45길","24","0","","","207700.2596","452771.7692"
"서울특별시","중랑구","신내동","56","0","용마산로139나길","57","3","","","209084.1497","457629.1031"
"서울특별시","중랑구","망우동","314","4","용마산로136길","62","0","","","209226.2296","456901.4562"
"서울특별시","중랑구","신내동","391","5","용마산로129길","13","0","","","208846.9922","456429.1642"
"서울특별시","중랑구","망우동","357","22","용마산로120길","4","1","","","208910.3954","455768.6596"
"서울특별시","중랑구","망우동","136","27","용마산로118길","133","0","","","209537.128","455733.7114"
"서울특별시","중랑구","신내동","494","101","용마산로117가길","12","0","진산하이츠빌라","","208665.5891","455665.6665"
"서울특별시","중랑구","망우동","493","17","용마산로115가길","40","0","","","208576.4778","455292.9066"
"서울특별시","중랑구","망우동","396","35","용마산로112나길","22","0","","","208951.2029","455287.2393"
"서울특별시","중랑구","망우동","459","16","용마산로105길","18","7","","","208653.6499","455002.4168"
"서울특별시","중랑구","망우동","435","34","용마산로100길","39","7","","","208861.3639","454655.163"
"서울특별시","중랑구","망우동","435","28","용마산로100길","33","6","","","208846.2391","454647.1778"
"서울특별시","중랑구","망우동","408","3","용마공원로4길","7","0","","","208916.4486","454952.2465"
"서울특별시","중랑구","망우동","418","5","용마공원로10길","11","0","","","208932.6502","454845.4426"
"서울특별시","중랑구","망우동","127","4","양원역로","12","0","","","209568.9847","455790.9352"
"서울특별시","중랑구","신내동","397","0","신내로","128","0","동성아파트","","208643.503","456668.448"
"서울특별시","중랑구","묵동","23","1","숙선옹주로","76","0","대한예수교장로회대명교회","","207513.2016","457286.4805"
"서울특별시","중랑구","상봉동","99","7","상봉중앙로","3","0","","","207748.8272","455317.4345"
"서울특별시","중랑구","면목동","71","24","상봉로","27","0","면목순찰지구대","","208291.7513","454298.0591"
"서울특별시","중랑구","중화동","10","13","봉화산로","98","0","","","207533.5852","455853.5366"
"서울특별시","중랑구","중화동","306","70","봉화산로","35","0","","","206911.9012","455797.297"
"서울특별시","중랑구","상봉동","85","58","봉우재로","173","0","","","208129.345","454949.8337"
"서울특별시","중랑구","중화동","308","104","중랑역로","111","0","","","206817.5489","455985.7739"
"서울특별시","중랑구","중화동","302","65","중랑역로","58","5"," "," ","206895.7165","455455.6303"
"서울특별시","중랑구","중화동","207","15","중랑역로","8","0","","","206799.4018","455039.0558"
"서울특별시","중랑구","망우동","421","12","용마공원로","29","5","","","209011.6346","454841.5039"
"서울특별시","중랑구","망우동","239","1","양원역로","50","0","송곡고등학교","","209401.0835","456256.5687"
"서울특별시","중랑구","망우동","127","5","양원역로","10","1","","","209567.9699","455776.6603"
"서울특별시","중랑구","묵동","246","21","동일로149나길","13","0","","","206725.9931","456390.8791"
"서울특별시","중랑구","묵동","245","30","동일로149가길","12","0","","","206840.4419","456408.4708"
"서울특별시","중랑구","면목동","186","117","망우로30길","46","15","","","206587.5675","454646.1311"
"서울특별시","중랑구","면목동","177","29","동일로99길","35","0","","","206868.5617","454248.4989"
"서울특별시","중랑구","면목동","158","11","동일로96길","30","3","","","207222.1644","453896.7876"
"서울특별시","중랑구","면목동","174","61","동일로95길","42","9","","","206799.2619","453963.2002"
"서울특별시","중랑구","면목동","157","22","동일로92길","39","19","","","207262.0299","453857.0036"
"서울특별시","중랑구","묵동","160","25","동일로172길","48","10","","","206946.258","457517.3683"
"서울특별시","중랑구","묵동","235","33","동일로169가길","25","0","","","206560.2255","457248.0893"
"서울특별시","중랑구","묵동","235","109","동일로169가길","8","0","새울센스빌","","206566.5915","457155.9521"
"서울특별시","중랑구","묵동","238","20","동일로163길","12","9","","","206730.7938","456959.3294"
"서울특별시","중랑구","묵동","239","66","동일로159길","13","0","","","206786.0562","456785.6018"
"서울특별시","중랑구","묵동","244","69","동일로157나길","8","12","","","206785.5238","456617.9932"
"서울특별시","중랑구","묵동","244","166","동일로157가길","15","0","묵동쉐르빌","","206844.4928","456621.8917"
"서울특별시","중랑구","면목동","156","18","동일로96나길","17","0","제이엔빌라","","207308.0455","453824.8511"
"서울특별시","중랑구","면목동","173","31","동일로95나길","12","36","","","206776.0932","453891.4404"
"서울특별시","중랑구","면목동","173","70","동일로95나길","9","0","","","206855.2978","453878.0918"
"서울특별시","중랑구","중화동","318","80","중랑천로30길","46","0","","","206583.9847","455313.9346"
"서울특별시","중랑구","중화동","326","103","중랑천로24길","15","0","","","206409.6028","455330.3677"
"서울특별시","중랑구","중화동","326","67","중랑천로24길","6","0","브라운하우스","B동","206412.5294","455287.6553"
"서울특별시","중랑구","중화동","324","109","중랑천로17길","17","0","","","206290.5583","455054.393"
"서울특별시","중랑구","중화동","324","70","중랑천로17길","11","10","","","206301.0138","455017.6034"
"서울특별시","중랑구","상봉동","136","28","중랑천로12길","4","0","지앤지홈타운","A동","206455.9267","454738.0539"
"서울특별시","중랑구","면목동","186","123","중랑천로10길","10","3","새계로교회","","206524.2627","454665.2149"
"서울특별시","중랑구","묵동","233","16","중랑역로47길","4","12","","","206624.134","457310.3699"
"서울특별시","중랑구","묵동","237","21","중랑역로43길","22","0","토토하우스"," ","206563.0997","457016.2917"
"서울특별시","중랑구","중화동","322","28","중랑역로3나길","29","0","","","206527.4096","455161.1659"
"서울특별시","중랑구","망우동","152","2","용마산로112길","84","0","삼성아트빌라","","209291.457","455477.6083"
"서울특별시","중랑구","망우동","182","51","용마산로112길","69","0","대승빌라","","209212.2395","455498.6873"
"서울특별시","중랑구","망우동","456","1","용마산로105길","15","0","","","208693.1353","454959.5378"
"서울특별시","중랑구","망우동","417","11","용마산로102길","37","5","","","208909.1916","454767.7778"
"서울특별시","중랑구","망우동","442","19","용마산로100길","8","12","","","208679.6508","454626.8653"
"서울특별시","중랑구","망우동","382","3","용마공원로3길","24","9","","","209004.1251","455123.9864"
"서울특별시","중랑구","망우동","418","33","용마공원로10가길","11","0","부흥해피빌","","208946.1162","454772.2965"
"서울특별시","중랑구","망우동","83","5","양원역로8길","26","0","","","209565.5933","456157.2836"
"서울특별시","중랑구","상봉동","63","0","신내로7나길","24","0","건영2차아파트","","208208.437","455709.7687"
"서울특별시","중랑구","묵동","10","0","신내로23길","21","0","","","207619.9978","457650.5832"
"서울특별시","중랑구","면목동","578","54","용마산로52길","18","0","","","208131.6605","453160.7214"
"서울특별시","중랑구","묵동","171","15","숙선옹주로","18","12","JCUBE 제이큐브"," ","206923.925","457196.443"
"서울특별시","중랑구","중화동","98","2","봉화산로","79","9","","","207332.3082","455847.4484"
"서울특별시","중랑구","중화동","311","19","봉화산로","25","0","","","206811.1421","455794.2903"
"서울특별시","중랑구","상봉동","85","29","봉우재로","159","8","","","208010.4061","454946.9368"
"서울특별시","중랑구","망우동","420","39","용마공원로","51","0","건양스위트홈"," ","209043.9604","454658.7727"
"서울특별시","중랑구","망우동","409","4","용마공원로","14","0","","","208914.688","454991.0811"
"서울특별시","중랑구","망우동","232","4","양원역로","25","9","대영빌라트","","209464.9637","455949.2302"
"서울특별시","중랑구","묵동","10","5","숙선옹주로","113","0","","","207680.0884","457617.1389"
"서울특별시","중랑구","묵동","163","26","숙선옹주로","9","3","","","206924.5609","457349.5444"
"서울특별시","중랑구","면목동","89","7","상봉로","89","0","진현빌딩","","208213.7299","454919.3053"
"서울특별시","중랑구","신내동","393","18","봉화산로","233","9","남양아트빌","제1동","208713.0323","456549.7681"
"서울특별시","중랑구","상봉동","485","0","봉화산로","123","0","신내테크노타운","","207752.0738","456054.3305"
"서울특별시","중랑구","중화동","115","2","봉화산로","77","0","범용카센터","","207328.362","455834.5285"
"서울특별시","중랑구","묵동","240","144","동일로157길","50","0","","","206619.5992","456683.4099"
"서울특별시","중랑구","상봉동","86","27","상봉로23길","36","0","","","208049.6551","454985.0471"
"서울특별시","중랑구","망우동","435","43","용마산로100길","43","7"," "," ","208885.1647","454643.8074"
"서울특별시","중랑구","신내동","487","0","용마산로129나길","101","0","라이프미성아파트","","208725.0736","455968.54"
"서울특별시","중랑구","망우동","343","37","용마산로120길","37","7","","","209075.5483","455816.8719"
"서울특별시","중랑구","망우동","342","60","용마산로118길","55","0","금란교회제2교육관","","209163.5788","455735.808"
"서울특별시","중랑구","망우동","491","30","용마산로115길","77","14","","","208477.5203","455376.7858"
"서울특별시","중랑구","망우동","155","6","용마산로114길","32","7"," "," ","209099.9871","455482.1113"
"서울특별시","중랑구","망우동","361","11","용마산로114길","19","0","","","209023.4286","455510.7386"
"서울특별시","중랑구","망우동","401","27","용마산로112가길","13","7","","","209031.7154","455400.7146"
"서울특별시","중랑구","망우동","467","16","용마산로111길","27","0","소망교회","","208663.3996","455329.8093"
"서울특별시","중랑구","망우동","427","52","용마산로100길","76","0","골든아트빌"," ","209019.5543","454521.2794"
"서울특별시","중랑구","망우동","427","8","용마산로100길","74","21","","","208982.1615","454433.5117"
"서울특별시","중랑구","망우동","406","22","용마공원로5길","16","0","열린교회","","209009.2221","454998.9326"
"서울특별시","중랑구","망우동","412","10","용마공원로2길","41","3","","","208820.5361","454845.4408"
"서울특별시","중랑구","망우동","412","27","용마공원로2길","31","8","","","208837.6955","454876.5408"
"서울특별시","중랑구","면목동","140","17","겸재로23가길","3","0","","","207229.2638","454249.3798"
"서울특별시","중랑구","면목동","141","66","겸재로15길","41","4","","","207206.9427","454328.0138"
"서울특별시","중랑구","면목동","175","11","겸재로10길","3","0","","","206929.7543","454053.6766"
"서울특별시","중랑구","면목동","174","9","겸재로10가길","15","0","","","206843.0412","453985.9057"
"서울특별시","중랑구","묵동","242","54","중랑천로","266","0","","","206468.9215","456546.2625"
"서울특별시","중랑구","중화동","326","120","중랑천로","146","14","","","206424.5418","455394.1973"
"서울특별시","중랑구","면목동","198","26","중랑천로","59","11","도원아트빌","","206404.3176","454548.051"
"서울특별시","중랑구","묵동","233","6","중랑역로","243","4","","","206658.3626","457315.5159"
"서울특별시","중랑구","묵동","243","143","중랑역로","175","4","","","206705.2588","456636.5128"
"서울특별시","중랑구","망우동","529","79","겸재로61가길","9","7","","","208433.1671","454670.3009"
"서울특별시","중랑구","망우동","529","85","겸재로61가길","3","6","","","208416.2224","454657.8357"
"서울특별시","중랑구","면목동","68","4","겸재로50나길","41","0","","","208284.0022","454185.5309"
"서울특별시","중랑구","면목동","71","58","겸재로50나길","27","0","","","208267.7203","454247.5652"
"서울특별시","중랑구","면목동","70","22","겸재로50가길","17","3","","","208210.8802","454281.1355"
"서울특별시","중랑구","면목동","665","22","면목로35길","31","0","","","207440.5662","453233.0207"
"서울특별시","중랑구","면목동","341","15","면목로33길","44","7","","","207340.7127","453026.3266"
"서울특별시","중랑구","면목동","583","6","면목로30길","41","0","","","207787.5644","452921.9066"
"서울특별시","중랑구","면목동","374","55","면목로29길","37","0","대한예수교장로회동서울중앙교회","","207393.3273","452900.9066"
"서울특별시","중랑구","면목동","341","19","면목로27나길","60","0","한국일보","","207295.3767","453109.4253"
"서울특별시","중랑구","면목동","350","5","면목로27가길","23","0","김준빌딩","","207403.9204","452979.9795"
"서울특별시","중랑구","면목동","399","82","면목로21길","25","5","","","207275.9764","452520.3447"
"서울특별시","중랑구","망우동","151","33","망우로74가길","16","7","","","209292.9881","455411.2388"
"서울특별시","중랑구","망우동","151","37","망우로74가길","14","3","","","209275.363","455426.5684"
"서울특별시","중랑구","망우동","153","18","망우로72길","55","8","","","209111.3783","455332.915"
"서울특별시","중랑구","망우동","400","23","망우로70길","45","0","","","209081.5501","455329.101"
"서울특별시","중랑구","망우동","356","23","망우로67길","22","0","","","208956.6595","455736.8492"
"서울특별시","중랑구","신내동","493","106","망우로65나길","15","0","","","208734.0424","455731.7971"
"서울특별시","중랑구","망우동","491","2","망우로62길","20","0","","","208610.0137","455407.0777"
"서울특별시","중랑구","면목동","673","4","면목천로6길","21","15","","","207314.2288","453215.7897"
"서울특별시","중랑구","면목동","673","47","면목천로6길","17","10","","","207293.9701","453204.5935"
"서울특별시","중랑구","상봉동","101","22","면목로96길","29","0","","","207708.2596","455188.6499"
"서울특별시","중랑구","상봉동","103","1","면목로92길","34","0","","","207773.1153","455114.7281"
"서울특별시","중랑구","상봉동","107","36","면목로90길","8","6","","","207660.7536","454968.4459"
"서울특별시","중랑구","망우동","444","10","용마산로102길","6","5","","","208746.3329","454772.4401"
"서울특별시","중랑구","망우동","407","37","용마공원로9길","5","0","","","208994.5487","454905.0032"
"서울특별시","중랑구","망우동","405","3","용마공원로3길","16","0","","","208972.9412","455074.1363"
"서울특별시","중랑구","망우동","405","13","용마공원로3길","12","0","","","208963.8466","455053.2264"
"서울특별시","중랑구","망우동","73","26","양원역로16길","103","76","","","209946.5821","456482.6361"
"서울특별시","중랑구","묵동","20","0","신내로21길","16","0","신내두산대림아파트","515동","207837.5194","457601.1971"
"서울특별시","중랑구","면목동","578","41","용마산로52길","6","3","","","208081.1465","453190.4073"
"서울특별시","중랑구","면목동","612","63","용마산로51길","52","0","","","207873.2995","453420.4836"
"서울특별시","중랑구","중화동","323","87","중랑천로","114","0","","","206398.4418","455084.7845"
"서울특별시","중랑구","면목동","193","1","중랑천로","20","0","면목한신아파트","경비실","206702.3176","454278.066"
"서울특별시","중랑구","묵동","237","108","중랑역로","209","10","참하우스토리","","206627.5368","456972.8382"
"서울특별시","중랑구","면목동","106","3","겸재로54길","22","4","","","208093.0357","454309.2484"
"서울특별시","중랑구","면목동","63","29","겸재로50나길","102","4","","","208227.4414","453896.6839"
"서울특별시","중랑구","면목동","70","64","겸재로50길","28","7","","","208140.8004","454307.0591"
"서울특별시","중랑구","면목동","1145","1","겸재로48길","28","0","","","207947.1582","454228.0616"
"서울특별시","중랑구","면목동","177","128","겸재로3길","42","0","","","206772.3424","454252.2824"
"서울특별시","중랑구","면목동","558","9","겸재로30가길","4","0","","","207426.4064","453986.6251"
"서울특별시","중랑구","면목동","139","6","겸재로27길","19","0","자연인아파트","101동","207404.3435","454324.7592"
"서울특별시","중랑구","면목동","140","21","겸재로23길","18","0","","","207198.7738","454259.9392"
"서울특별시","중랑구","면목동","172","11","겸재로10길","33","0","진주하이츠","","206924.4445","453898.5368"
"서울특별시","중랑구","묵동","378","0","중랑천로","332","0","묵동한국아파트","상가동","206491.8401","457249.2577"
"서울특별시","중랑구","중화동","331","138","중랑천로","194","5","","","206590.743","455843.7314"
"서울특별시","중랑구","면목동","173","91","동일로95나길","20","0","","","206836.6877","453829.2634"
"서울특별시","중랑구","면목동","173","72","동일로95나길","13","0","","","206854.7382","453855.2269"
"서울특별시","중랑구","면목동","175","59","동일로95가길","16","4","","","206994.3947","453999.618"
"서울특별시","중랑구","면목동","172","123","동일로91길","6","20","로얄팰리스","","207005.4662","453814.8903"
"서울특별시","중랑구","묵동","238","39","동일로169길","15","8","","","206692.7168","457096.7177"
"서울특별시","중랑구","묵동","237","53","동일로163길","36","0","","","206648.44","456925.4784"
"서울특별시","중랑구","묵동","243","59","동일로157다길","19","4","","","206687.5305","456570.2769"
"서울특별시","중랑구","묵동","244","132","동일로157길","19","15","","","206776.9991","456608.8731"
"서울특별시","중랑구","묵동","122","43","동일로156길","47","6","","","207123.7833","456791.8477"
"서울특별시","중랑구","묵동","122","125","동일로154길","33","4","성은아무르","","207070.6836","456646.1681"
"서울특별시","중랑구","묵동","181","43","동일로152길","18","14","","","207013.0302","456484.3524"
"서울특별시","중랑구","묵동","245","43","동일로151길","19","9","","","206803.3965","456452.2398"
"서울특별시","중랑구","묵동","244","158","동일로151길","6","0","","","206860.0598","456528.3751"
"서울특별시","중랑구","묵동","249","71","동일로149길","41","0","","","206707.3745","456308.6144"
"서울특별시","중랑구","면목동","615","12","면목로42길","35","0","","","207934.1127","453298.6526"
"서울특별시","중랑구","면목동","652","42","면목로39길","59","0","","","207435.9804","453429.8899"
"서울특별시","중랑구","면목동","628","25","면목로38길","20","4","","","207677.7576","453167.3709"
"서울특별시","중랑구","면목동","632","1","면목로37길","5","0","중하빌딩","주차타워","207579.9722","453247.9537"
"서울특별시","중랑구","면목동","433","56","면목로56길","68","0","","","208139.3386","453801.3683"
"서울특별시","중랑구","면목동","428","25","면목로56길","20","3","","","207915.6552","453814.8595"
"서울특별시","중랑구","면목동","409","31","면목로56길","13","7","","","207875.6196","453872.9784"
"서울특별시","중랑구","면목동","552","17","면목로55길","38","6","","","207613.7113","453896.3789"
"서울특별시","중랑구","면목동","436","11","면목로54길","81","0","","","208214.2403","453757.6598"
"서울특별시","중랑구","면목동","566","6","면목로53길","32","0","녹색병원(주차장)","","207648.7282","453823.2306"
"서울특별시","중랑구","면목동","595","21","면목로49길","21","0","","","207711.994","453681.7173"
"서울특별시","중랑구","면목동","597","35","면목로47길","35","0","성준럭스빌2"," ","207595.0912","453633.4593"
"서울특별시","중랑구","면목동","601","35","면목로45길","27","3","","","207690.756","453569.1179"
"서울특별시","중랑구","면목동","453","2","면목로44마길","47","0","","","208142.0948","453724.8589"
"서울특별시","중랑구","면목동","600","46","사가정로49길","13","14","","","207594.0368","453568.5563"
"서울특별시","중랑구","면목동","651","19","사가정로46길","21","29","춘당","","207546.0591","453360.6727"
"서울특별시","중랑구","면목동","575","6","사가정로43길","54","3","","","207524.3038","453791.1534"
"서울특별시","중랑구","묵동","234","11","중랑역로","228","1","","","206673.7663","457142.067"
"서울특별시","중랑구","신내동","492","3","망우로65길","26","12","힐탑빌라","","208831.5409","455778.6033"
"서울특별시","중랑구","상봉동","50","56","망우로55길","59","5","","","208367.4377","455588.9873"
"서울특별시","중랑구","상봉동","128","29","망우로38길","14","0","","","207027.1343","454935.2459"
"서울특별시","중랑구","면목동","657","44","면목로35길","50","10","","","207389.9425","453325.195"
"서울특별시","중랑구","면목동","236","8","면목로84나길","17","5","","","207883.3873","454624.9573"
"서울특별시","중랑구","상봉동","106","14","봉우재로33길","22","10","","","207757.4944","454866.5583"
"서울특별시","중랑구","중화동","332","137","봉화산로3길","41","0","","","206673.0049","455994.0114"
"서울특별시","중랑구","중화동","444","12","봉화산로33길","19","0","","","207560.2648","455990.9809"
"서울특별시","중랑구","면목동","532","48","사가정로60길","30","0","","","208024.7135","453308.3455"
"서울특별시","중랑구","면목동","595","53","사가정로51길","35","0","","","207757.019","453658.0432"
"서울특별시","중랑구","면목동","667","38","사가정로46나길","5","0","","","207340.9473","453163.1555"
"서울특별시","중랑구","면목동","667","4","사가정로46가길","30","0","","","207440.2756","453104.5876"
"서울특별시","중랑구","면목동","667","11","사가정로46가길","18","0","","","207403.4101","453141.2945"
"서울특별시","중랑구","면목동","339","35","사가정로42길","91","0","","","207192.6573","453124.6534"
"서울특별시","중랑구","면목동","160","10","사가정로31길","60","8","","","207155.7858","453846.5819"
"서울특별시","중랑구","면목동","160","35","사가정로31길","50","0","","","207129.9268","453803.2668"
"서울특별시","중랑구","신내동","479","0","봉화산로56길","123","0","중앙하이츠아파트","경비실","208695.829","455961.1446"
"서울특별시","중랑구","면목동","175","41","동일로95가길","13","0","","","206964.3201","453993.1775"
"서울특별시","중랑구","면목동","175","72","동일로95가길","9","0","","","206963.7455","453965.9978"
"서울특별시","중랑구","면목동","172","97","동일로91길","6","4","","","207002.034","453732.0354"
"서울특별시","중랑구","묵동","238","37","동일로169길","15","4","","","206689.7951","457116.3325"
"서울특별시","중랑구","묵동","240","82","동일로163길","33","5","","","206663.1617","456890.9579"
"서울특별시","중랑구","면목동","455","26","면목로44나길","40","0","","","208005.8863","453701.1119"
"서울특별시","중랑구","면목동","461","26","면목로44길","13","4","","","207907.8743","453538.9066"
"서울특별시","중랑구","면목동","604","3","면목로43길","7","0","","","207724.7865","453526.4838"
"서울특별시","중랑구","면목동","620","54","면목로40길","29","0"," "," ","207840.965","453228.0735"
"서울특별시","중랑구","면목동","623","3","면목로38나길","11","4","","","207778.5812","453210.4573"
"서울특별시","중랑구","면목동","657","34","면목로37길","41","14","","","207399.9176","453308.6153"
"서울특별시","중랑구","면목동","407","19","면목로56나길","18","0","","","207975.258","453922.2121"
"서울특별시","중랑구","면목동","430","53","면목로56길","32","0","","","207965.4397","453819.8103"
"서울특별시","중랑구","면목동","555","31","면목로55길","56","9","","","207519.6368","453916.6822"
"서울특별시","중랑구","면목동","558","3","면목로55가길","19","0","","","207454.0812","453985.2356"
"서울특별시","중랑구","면목동","458","88","면목로54길","12","5","","","207876.9515","453751.2344"
"서울특별시","중랑구","면목동","573","26","면목로49길","48","1","","","207569.5945","453727.6596"
"서울특별시","중랑구","면목동","456","41","면목로48길","25","6","","","207971.5279","453656.3617"
"서울특별시","중랑구","면목동","132","63","봉우재로28길","18","0","세모하이츠아파트","A동","207506.06","454706.4701"
"서울특별시","중랑구","상봉동","120","46","봉우재로19길","49","3","","","207137.1186","454909.2502"
"서울특별시","중랑구","면목동","668","28","면목천로6길","51","3","","","207385.1267","453067.2771"
"서울특별시","중랑구","면목동","668","18","면목천로6길","43","4","","","207365.4515","453085.4916"
"서울특별시","중랑구","면목동","150","29","면목천로19길","38","0","","","207205.1313","454103.4506"
"서울특별시","중랑구","면목동","154","51","면목천로19길","25","3","","","207274.8615","454090.3498"
"서울특별시","중랑구","상봉동","104","53","면목로92다길","18","4","","","207774.9516","455031.8073"
"서울특별시","중랑구","상봉동","112","24","면목로91길","22","7","","","207459.8646","455002.8924"
"서울특별시","중랑구","상봉동","111","59","면목로91길","19","7","","","207490.4205","454932.4585"
"서울특별시","중랑구","상봉동","110","17","면목로85길","20","0","제이원빌라","","207514.7297","454850.0555"
"서울특별시","중랑구","면목동","233","1","면목로84가길","23","0","","","207825.5932","454598.5266"
"서울특별시","중랑구","면목동","99","89","면목로78길","58","0","","","207981.9373","454572.8094"
"서울특별시","중랑구","면목동","98","73","면목로76길","11","0","","","207823.1201","454483.0275"
"서울특별시","중랑구","면목동","1177","0","면목로72길","49","0","대명이튼캐슬","A동","207983.9931","454248.2017"
"서울특별시","중랑구","중화동","296","25","동일로121가길","12","5","","","206996.4092","455264.7277"
"서울특별시","중랑구","상봉동","122","30","동일로114길","30","6","","","207253.7837","454858.7752"
"서울특별시","중랑구","면목동","185","58","동일로109길","72","9","","","206704.7412","454667.2728"
"서울특별시","중랑구","면목동","145","22","동일로104길","6","5","","","207119.6011","454467.9712"
"서울특별시","중랑구","면목동","136","86","동일로102길","48","2","","","207308.3777","454580.7434"
"서울특별시","중랑구","면목동","179","17","동일로101길","5","4","","","207007.7614","454377.4831"
"서울특별시","중랑구","묵동","184","5","동일로146길","29","6","","","207122.1253","456364.1407"
"서울특별시","중랑구","중화동","275","10","동일로144가길","28","17","","","207258.8026","456155.4197"
"서울특별시","중랑구","중화동","274","3","동일로140길","99","0","힐 하우스","","207356.9719","456281.2521"
"서울특별시","중랑구","면목동","192","17","봉우재로2길","17","0","알뜰미니슈퍼"," ","206576.8378","454339.9018"
"서울특별시","중랑구","망우동","520","44","상봉로16길","36","3","","","208454.1307","454745.0657"
"서울특별시","중랑구","면목동","86","12","상봉로15나길","13","3","","","208158.8549","454631.9168"
"서울특별시","중랑구","면목동","240","0","상봉로15길","57","0","","","207959.6055","454696.733"
"서울특별시","중랑구","망우동","526","4","상봉로12길","44","0","","","208480.8095","454591.9629"
"서울특별시","중랑구","망우동","529","14","상봉로12길","37","0","","","208455.1133","454604.1497"
"서울특별시","중랑구","면목동","458","38","사가정로53길","47","0","","","207883.7872","453704.4649"
"서울특별시","중랑구","면목동","649","21","사가정로50길","5","10","동부교회","","207679.9587","453412.239"
"서울특별시","중랑구","면목동","655","20","사가정로46길","37","23","","","207494.5124","453278.5621"
"서울특별시","중랑구","면목동","661","51","사가정로46길","37","6","","","207443.9176","453288.6712"
"서울특별시","중랑구","면목동","592","24","사가정로45길","25","0","","","207532.0663","453632.3648"
"서울특별시","중랑구","면목동","606","7","사가정로45길","13","0","","","207527.7821","453584.8601"
"서울특별시","중랑구","면목동","607","24","사가정로41길","10","0","","","207453.2459","453569.6033"
"서울특별시","중랑구","중화동","312","77","봉화산로8길","16","0","","","206785.6238","455700.5906"
"서울특별시","중랑구","망우동","454","6","용마산로99길","4","14","","","208661.3136","454771.1938"
"서울특별시","중랑구","망우동","432","58","용마산로96길","61","70","","","208954.9651","454535.0705"
"서울특별시","중랑구","면목동","46","1","용마산로96길","32","0","","","208758.1795","454486.4222"
"서울특별시","중랑구","망우동","437","52","용마산로96길","27","14"," "," ","208780.5656","454565.7392"
"서울특별시","중랑구","면목동","33","0","용마산로94길","64","58","33번지복지주택","가동","208793.9128","454202.9316"
"서울특별시","중랑구","면목동","3","12","용마산로94길","37","14","","","208771.319","454408.883"
"서울특별시","중랑구","면목동","5","54","용마산로94길","36","5","","","208733.8404","454318.5287"
"서울특별시","중랑구","면목동","15","17","용마산로94길","15","10","","","208663.824","454439.7815"
"서울특별시","중랑구","면목동","43","26","용마산로93길","41","6","","","208335.4727","454376.8917"
"서울특별시","중랑구","면목동","53","12","용마산로86길","21","36","","","208583.8054","454176.1779"
"서울특별시","중랑구","면목동","111","12","용마산로81길","61","0","부영펠리스","","208018.6331","453977.2314"
"서울특별시","중랑구","면목동","63","24","용마산로79길","27","8","","","208098.2574","453898.8018"
"서울특별시","중랑구","면목동","1066","5","용마산로70길","54","38","","","208408.6196","453607.5882"
"서울특별시","중랑구","면목동","527","127","용마산로62길","40","18","","","208303.9799","453206.1608"
"서울특별시","중랑구","중화동","324","30","중랑천로17가길","5","0","","","206341.0983","455032.2239"
"서울특별시","중랑구","중화동","324","108","중랑천로15길","40","0","","","206289.6635","455043.6981"
"서울특별시","중랑구","면목동","184","37","중랑천로10길","84","7","","","206877.2033","454763.8799"
"서울특별시","중랑구","중화동","320","25","중랑역로9길","4","0","","","206686.2981","455172.2134"
"서울특별시","중랑구","중화동","323","3","중랑역로3다길","39","0","","","206436.2452","455178.0093"
"서울특별시","중랑구","중화동","322","135","중랑역로3다길","20","1","","","206482.0611","455098.1757"
"서울특별시","중랑구","면목동","233","17","면목로80길","21","0","","","207800.159","454561.9015"
"서울특별시","중랑구","면목동","98","61","면목로78길","26","6","","","207835.6695","454514.5075"
"서울특별시","중랑구","면목동","101","34","면목로74길","29","0","","","207872.6004","454438.6237"
"서울특별시","중랑구","면목동","102","28","면목로74길","18","3","","","207827.1315","454395.8833"
"서울특별시","중랑구","면목동","300","8","면목로72길","10","0","","","207802.4193","454237.5392"
"서울특별시","중랑구","면목동","542","44","면목로65길","61","0","","","207483.7385","454134.9649"
"서울특별시","중랑구","면목동","113","68","면목로64길","8","5","","","207907.6768","454028.8226"
"서울특별시","중랑구","면목동","504","19","면목로61길","10","0","엠마누엘기도원","","207751.4372","454018.9268"
"서울특별시","중랑구","묵동","387","0","공릉로18길","59","0","브라운스톤태릉아파트","104동","207244.9956","457708.3421"
"서울특별시","중랑구","묵동","159","11","공릉로14길","7","6"," "," ","207042.7062","457566.526"
"서울특별시","중랑구","묵동","154","2","공릉로12가길","61","0","세영월드빌","","207297.4003","457601.3164"
"서울특별시","중랑구","묵동","153","26","공릉로12가길","52","20","","","207350.5351","457521.4799"
"서울특별시","중랑구","면목동","177","49","겸재로9길","5","0","","","206898.6936","454116.6805"
"서울특별시","중랑구","망우동","474","35","겸재로61길","71","0"," "," ","208342.9464","454863.7587"
"서울특별시","중랑구","망우동","521","6","겸재로61길","50","0","","","208371.7912","454757.8642"
"서울특별시","중랑구","중화동","317","18","동일로123길","79","12","","","206655.7493","455432.6058"
"서울특별시","중랑구","중화동","302","43","동일로123가길","7","0","","","206943.4928","455373.331"
"서울특별시","중랑구","중화동","300","21","동일로121길","86","11","","","206782.1554","455295.6039"
"서울특별시","중랑구","상봉동","114","10","동일로116길","65","0","","","207465.1975","455042.0081"
"서울특별시","중랑구","상봉동","122","31","동일로112길","27","0","상봉2동경로당","","207284.9986","454843.7458"
"서울특별시","중랑구","면목동","393","85","답십리로85길","7","0","","","207469.756","452449.2134"
"서울특별시","중랑구","면목동","379","11","답십리로81길","62","18","","","207481.1003","452793.4558"
"서울특별시","중랑구","면목동","376","3","답십리로77길","67","0","","","207187.9077","452791.9861"
"서울특별시","중랑구","면목동","382","44","답십리로77길","49","3","","","207185.1494","452692.4719"
"서울특별시","중랑구","면목동","384","17","답십리로77가길","12","0","","","207258.8637","452693.813"
"서울특별시","중랑구","면목동","381","76","답십리로77가길","5","0","","","207229.8438","452704.7074"
"서울특별시","중랑구","묵동","381","0","공릉로2라길","15","0","신안1차아파트","101동","207149.4573","456997.9971"
"서울특별시","중랑구","묵동","121","61","공릉로2길","40","16","","","207075.1273","456876.5807"
"서울특별시","중랑구","묵동","171","36","공릉로2가길","27","0","","","206942.0301","457086.3118"
"서울특별시","중랑구","묵동","156","9","공릉로14길","20","5","","","207125.1211","457542.3762"
"서울특별시","중랑구","묵동","57","8","공릉로12길","23","6","","","207123.9632","457411.6671"
"서울특별시","중랑구","묵동","158","18","공릉로12길","3","6","","","207050.7379","457468.4604"
"서울특별시","중랑구","면목동","179","76","겸재로9길","46","7","","","206945.4048","454326.7396"
"서울특별시","중랑구","면목동","20","37","겸재로64길","31","0","해광","","208465.5786","454379.5183"
"서울특별시","중랑구","신내동","409","17","봉화산로52길","13","0","","","208589.2582","456375.4645"
"서울특별시","중랑구","중화동","327","21","봉화산로4길","74","3","","","206577.0545","455448.7044"
"서울특별시","중랑구","상봉동","225","2","봉화산로42길","14","0","","","207715.539","455869.8761"
"서울특별시","중랑구","묵동","248","8","봉화산로3길","87","0"," "," ","206636.4561","456214.6957"
"서울특별시","중랑구","망우동","518","41","상봉로20길","43","0","","","208457.2771","454969.2788"
"서울특별시","중랑구","묵동","242","29","중랑천로56길","22","0","","","206565.027","456539.0502"
"서울특별시","중랑구","묵동","242","20","중랑천로56길","14","0","","","206521.7974","456535.7445"
"서울특별시","중랑구","중화동","325","44","중랑천로25길","11","0","","","206298.941","455193.662"
"서울특별시","중랑구","중화동","326","48","중랑천로20길","5","0","철물점","","206397.2106","455196.4485"
"서울특별시","중랑구","중화동","325","34","중랑천로19길","12","0","","","206305.1267","455146.5275"
"서울특별시","중랑구","상봉동","129","75","중랑천로12길","71","4","","","206789.1721","454881.5775"
"서울특별시","중랑구","상봉동","130","15","중랑천로12길","56","5","","","206726.4155","454806.27"
"서울특별시","중랑구","면목동","185","29","중랑천로10길","54","0","","","206708.5098","454735.689"
"서울특별시","중랑구","면목동","185","52","중랑천로10길","48","0","","","206685.1334","454729.0549"
"서울특별시","중랑구","중화동","320","29","중랑역로5길","16","0","","","206702.8088","455129.434"
"서울특별시","중랑구","묵동","161","24","중랑역로53길","4","0","","","206920.3159","457446.9086"
"서울특별시","중랑구","망우동","430","8","용마공원로18길","5","4","","","209038.2184","454597.6963"
"서울특별시","중랑구","망우동","420","4","용마공원로13길","4","0"," "," ","209019.9916","454765.7339"
"서울특별시","중랑구","망우동","256","9","양원역로10길","45","5","","","209557.5821","456414.4559"
"서울특별시","중랑구","신내동","494","36","신내로4길","4","17","","","208642.6803","455634.9145"
"서울특별시","중랑구","신내동","455","4","신내로14길","36","0","성우스타팰리스","203동","208603.4352","456233.1357"
"서울특별시","중랑구","묵동","105","10","숙선옹주로5길","10","15","","","207177.2799","457281.304"
"서울특별시","중랑구","망우동","350","48","송림길","84","8","","","209052.4755","455996.8751"
"서울특별시","중랑구","상봉동","279","67","상봉중앙로8다길","4","0","","","208065.793","455724.0763"
"서울특별시","중랑구","상봉동","279","34","상봉중앙로8나길","52","0","","","208048.4591","455666.4315"
"서울특별시","중랑구","상봉동","253","18","상봉중앙로8길","14","0","","","207785.4195","455772.0463"
"서울특별시","중랑구","상봉동","256","7","상봉중앙로6길","25","2","","","207856.3449","455751.5935"
"서울특별시","중랑구","중화동","1","1","상봉중앙로5나길","23","0","대명연립","라동","207611.6766","455730.3339"
"서울특별시","중랑구","상봉동","210","31","상봉중앙로5가길","12","0","","","207677.5159","455706.6387"